{
  "model_name": "Gradient Boosting",
  "accuracy": 0.9916897506925207,
  "macro_avg": {
    "precision": 0.7435770750988142,
    "recall": 0.7462646049602571,
    "f1-score": 0.7449134970517721,
    "support": 361.0
  },
  "weighted_avg": {
    "precision": 0.9889798867879079,
    "recall": 0.9916897506925207,
    "f1-score": 0.990327414740475,
    "support": 361.0
  },
  "per_class_metrics": {
    "analyst": {
      "precision": 0.9782608695652174,
      "recall": 0.989010989010989,
      "f1-score": 0.9836065573770492,
      "support": 91.0
    },
    "explorer": {
      "precision": 0.0,
      "recall": 0.0,
      "f1-score": 0.0,
      "support": 1.0
    },
    "focused": {
      "precision": 1.0,
      "recall": 1.0,
      "f1-score": 1.0,
      "support": 16.0
    },
    "systematic": {
      "precision": 0.9960474308300395,
      "recall": 0.9960474308300395,
      "f1-score": 0.9960474308300395,
      "support": 253.0
    }
  },
  "confusion_matrix": [
    [
      90,
      0,
      0,
      1
    ],
    [
      1,
      0,
      0,
      0
    ],
    [
      0,
      0,
      16,
      0
    ],
    [
      1,
      0,
      0,
      252
    ]
  ],
  "class_labels": [
    "analyst",
    "explorer",
    "focused",
    "systematic"
  ]
}